{
    "info": {
        "year": "2021",
        "version": "1",
        "description": "Exported from roboflow.ai",
        "contributor": "",
        "url": "https://app.roboflow.ai/datasets/speed-camera-sign/1",
        "date_created": "2021-02-20T19:05:15+00:00"
    },
    "licenses": [
        {
            "id": 1,
            "url": "",
            "name": "Unknown"
        }
    ],
    "categories": [
        {
            "id": 0,
            "name": "Signs",
            "supercategory": "none"
        },
        {
            "id": 1,
            "name": "1",
            "supercategory": "Signs"
        }
    ],
    "images": [
        {
            "id": 0,
            "license": 1,
            "file_name": "1.rf.49cf9320cd5b4185f899c13526c7b8c8.jpg",
            "height": 416,
            "width": 416,
            "date_captured": "2021-02-20T19:05:15+00:00"
        },
        {
            "id": 1,
            "license": 1,
            "file_name": "2.rf.28a32d517bc6e6753a94a192c5326cf3.jpg",
            "height": 416,
            "width": 416,
            "date_captured": "2021-02-20T19:05:15+00:00"
        },
        {
            "id": 2,
            "license": 1,
            "file_name": "3_jpg.rf.096dff2e9cd1f98347a4ab8200991cba.jpg",
            "height": 416,
            "width": 416,
            "date_captured": "2021-02-20T19:05:15+00:00"
        },
        {
            "id": 3,
            "license": 1,
            "file_name": "5_jpg.rf.0026202cc2deb34fb5a8ce5b707a6386.jpg",
            "height": 416,
            "width": 416,
            "date_captured": "2021-02-20T19:05:15+00:00"
        },
        {
            "id": 4,
            "license": 1,
            "file_name": "9.rf.fc1fe51150391b38682fe386a3a1fbc2.jpg",
            "height": 416,
            "width": 416,
            "date_captured": "2021-02-20T19:05:15+00:00"
        },
        {
            "id": 5,
            "license": 1,
            "file_name": "2_jpg.rf.f5ec6986072786ce47bd0d85f33632b9.jpg",
            "height": 416,
            "width": 416,
            "date_captured": "2021-02-20T19:05:15+00:00"
        },
        {
            "id": 6,
            "license": 1,
            "file_name": "7_jpg.rf.aff51ed91af7d4453121e38fda144358.jpg",
            "height": 416,
            "width": 416,
            "date_captured": "2021-02-20T19:05:15+00:00"
        },
        {
            "id": 7,
            "license": 1,
            "file_name": "8_jpg.rf.2d1297042e8e91d2e448d533e90164bc.jpg",
            "height": 416,
            "width": 416,
            "date_captured": "2021-02-20T19:05:15+00:00"
        },
        {
            "id": 8,
            "license": 1,
            "file_name": "6_jpg.rf.1bc7f6843eaf96926bf30fed4ebc2c5e.jpg",
            "height": 416,
            "width": 416,
            "date_captured": "2021-02-20T19:05:15+00:00"
        },
        {
            "id": 9,
            "license": 1,
            "file_name": "7.rf.32e0fa5794713bdf1cebe18129f1dd28.jpg",
            "height": 416,
            "width": 416,
            "date_captured": "2021-02-20T19:05:15+00:00"
        },
        {
            "id": 10,
            "license": 1,
            "file_name": "9_jpg.rf.21605e004c7db14f170cf1ba379fd217.jpg",
            "height": 416,
            "width": 416,
            "date_captured": "2021-02-20T19:05:15+00:00"
        },
        {
            "id": 11,
            "license": 1,
            "file_name": "3.rf.14ee86ce633545080279e3a350e04914.jpg",
            "height": 416,
            "width": 416,
            "date_captured": "2021-02-20T19:05:15+00:00"
        }
    ],
    "annotations": [
        {
            "id": 0,
            "image_id": 0,
            "category_id": 1,
            "bbox": [
                83,
                133,
                112,
                129
            ],
            "area": 14448,
            "segmentation": [],
            "iscrowd": 0
        },
        {
            "id": 1,
            "image_id": 1,
            "category_id": 1,
            "bbox": [
                167,
                88,
                179.5,
                227
            ],
            "area": 40746.5,
            "segmentation": [],
            "iscrowd": 0
        },
        {
            "id": 2,
            "image_id": 2,
            "category_id": 1,
            "bbox": [
                144,
                131,
                132.5,
                170.5
            ],
            "area": 22591.25,
            "segmentation": [],
            "iscrowd": 0
        },
        {
            "id": 3,
            "image_id": 3,
            "category_id": 1,
            "bbox": [
                278,
                141,
                57,
                67
            ],
            "area": 3819,
            "segmentation": [],
            "iscrowd": 0
        },
        {
            "id": 4,
            "image_id": 4,
            "category_id": 1,
            "bbox": [
                185,
                45,
                53,
                63.5
            ],
            "area": 3365.5,
            "segmentation": [],
            "iscrowd": 0
        },
        {
            "id": 5,
            "image_id": 5,
            "category_id": 1,
            "bbox": [
                167,
                88,
                179.5,
                227
            ],
            "area": 40746.5,
            "segmentation": [],
            "iscrowd": 0
        },
        {
            "id": 6,
            "image_id": 6,
            "category_id": 1,
            "bbox": [
                140,
                137,
                51,
                51
            ],
            "area": 2601,
            "segmentation": [],
            "iscrowd": 0
        },
        {
            "id": 7,
            "image_id": 7,
            "category_id": 1,
            "bbox": [
                81,
                62,
                34.5,
                43
            ],
            "area": 1483.5,
            "segmentation": [],
            "iscrowd": 0
        },
        {
            "id": 8,
            "image_id": 8,
            "category_id": 1,
            "bbox": [
                158,
                130,
                95.5,
                82.5
            ],
            "area": 7878.75,
            "segmentation": [],
            "iscrowd": 0
        },
        {
            "id": 9,
            "image_id": 9,
            "category_id": 1,
            "bbox": [
                140,
                137,
                51,
                51
            ],
            "area": 2601,
            "segmentation": [],
            "iscrowd": 0
        },
        {
            "id": 10,
            "image_id": 10,
            "category_id": 1,
            "bbox": [
                185,
                45,
                53,
                63.5
            ],
            "area": 3365.5,
            "segmentation": [],
            "iscrowd": 0
        },
        {
            "id": 11,
            "image_id": 11,
            "category_id": 1,
            "bbox": [
                144,
                131,
                132.5,
                170.5
            ],
            "area": 22591.25,
            "segmentation": [],
            "iscrowd": 0
        }
    ]
}